id,first_name,last_name,email,gender,ip_address
1,Lainey,Lapsley,llapsley0@opera.com,Female,54.234.119.181
2,Linea,Phillpotts,lphillpotts1@desdev.cn,Female,159.17.205.216
3,Griz,Iddiens,giddiens2@behance.net,Male,187.199.51.216
4,Benedikt,Fasse,bfasse3@state.tx.us,Male,180.34.37.38
5,Karleen,Hamlet,khamlet4@newyorker.com,Female,93.242.182.162
6,Dallis,Cherm,dcherm5@washington.edu,Male,52.52.115.235
7,Rafaela,Whaley,rwhaley6@cyberchimps.com,Female,254.46.213.137
8,Mina,Dive,mdive7@google.cn,Female,217.228.3.153
9,Arnaldo,Brushneen,abrushneen8@netscape.com,Male,209.236.59.156
10,Mignonne,Gantzman,mgantzman9@spiegel.de,Female,82.60.163.133
11,Lindsay,Gedney,lgedneya@infoseek.co.jp,Male,65.127.48.73
12,Reamonn,Gorsse,rgorsseb@com.com,Male,181.202.247.174
13,Batholomew,Davydzenko,bdavydzenkoc@usatoday.com,Male,241.187.58.166
14,Sandro,Jeffcoat,sjeffcoatd@unc.edu,Male,175.66.166.26
15,Jorey,Morson,jmorsone@pcworld.com,Female,1.169.164.141
16,Merry,Arnfield,marnfieldf@arizona.edu,Female,75.62.29.70
17,Glad,Harron,gharrong@zdnet.com,Female,131.232.42.89
18,Dareen,McCard,dmccardh@chronoengine.com,Female,119.154.189.211
19,Fae,Boarleyson,fboarleysoni@craigslist.org,Female,247.188.47.32
20,Charles,Balchen,cbalchenj@pcworld.com,Male,28.240.67.241
21,Alphonso,McGinnell,amcginnellk@walmart.com,Male,192.168.1.1
22,Shayla,McGinnell,smcginnelll@walmart.com,Female,192.168.1.2
23,John,Doe,jdoem@unknown.com,Male,192.168.1.3
24,Jane,Doe,jdoen@unknown.com,Female,192.168.1.4
25,Michael,Smith,msmitho@company.com,Male,192.168.1.5
26,Sarah,Johnson,sjohnsonp@company.com,Female,192.168.1.6
27,David,Williams,dwilliamsq@company.com,Male,192.168.1.7
28,Emily,Jones,ejonesr@company.com,Female,192.168.1.8
29,James,Brown,jbrowns@company.com,Male,192.168.1.9
30,Jessica,Davis,jdavist@company.com,Female,192.168.1.10
31,Christopher,Miller,cmilleru@company.com,Male,192.168.1.11
32,Ashley,Wilson,awilsonv@company.com,Female,192.168.1.12
33,Joshua,Moore,jmoorew@company.com,Male,192.168.1.13
34,Amanda,Taylor,ataylore@company.com,Female,192.168.1.14
35,Daniel,Anderson,dandersonx@company.com,Male,192.168.1.15
36,Stephanie,Thomas,sthomasy@company.com,Female,192.168.1.16
37,Matthew,Jackson,mjacksonz@company.com,Male,192.168.1.17
38,Laura,White,lwhiteaa@company.com,Female,192.168.1.18
39,Andrew,Harris,aharrisab@company.com,Male,192.168.1.19
40,Megan,Martin,mmartinac@company.com,Female,192.168.1.20